SalePrice;LotArea;BedroomAbvGr;FullBath;GarageCars
208500;785.03035;3;2;2
181500;891.8688;3;2;2
223500;1045.15875;3;2;2
140000;887.22365;3;1;3
250000;1324.79678;4;2;3
143000;1311.325845;1;1;2
307000;936.833852;3;2;2
200000;964.518946;3;2;2
129900;568.56636;2;2;2
118000;689.34026;2;1;1
129500;1040.5136;3;1;1
345000;1107.775372;4;3;3
144000;1204.766104;2;1;1
279500;989.602756;3;2;3
157000;1014.50076;2;1;1
132000;568.56636;2;1;2
149000;1044.322623;2;1;2
90000;1002.516273;2;2;2
159000;1272.306585;3;1;2
139000;702.34668;3;1;1
325300;1320.616145;4;3;3
139400;692.034447;3;1;1
230000;905.061026;3;2;2
129900;392.422272;3;1;2
154000;766.078138;3;1;1
256300;1322.00969;3;2;3
134800;668.9016;3;1;2
306000;1066.340634;3;2;3
207500;1516.269863;2;1;1
68500;587.518572;1;1;1
40000;789.6754999999999;3;1;1
149350;793.763232;3;1;1
179900;1026.485247;3;2;2
165500;980.312456;4;1;2
277500;679.399639;2;2;2
309000;1246.5724539999999;4;3;3
145000;1008.833677;3;1;2
153000;792.648396;3;1;2
109000;735.977566;3;1;1
82000;561.13412;2;2;0
160000;804.354174;3;2;2
170000;1570.525215;2;1;1
144000;852.84954;2;1;2
130250;854.7076;3;1;1
141000;738.114335;3;1;1
319900;711.451174;2;2;2
239686;1191.202266;1;1;2
249700;1030.851688;3;2;3
113000;413.975768;2;2;0
127000;719.255026;3;1;1
177000;1288.471707;3;2;2
114500;579.7147199999999;3;1;2
110000;787.074216;2;1;2
130000;662.770002;3;1;2
180500;945.288025;3;2;2
172500;245.728435;3;2;2
196500;1081.855435;3;2;2
438780;1271.098846;3;3;3
124900;668.9016;2;1;1
158000;1214.428016;3;1;2
101000;668.9016;3;1;1
202500;598.481126;2;2;2
140000;956.9009;3;2;2
219500;870.965625;3;2;2
317000;891.032673;4;2;3
180000;1848.7697;3;2;2
226000;990.810495;3;2;2
80000;428.097024;2;1;1
225000;1448.636479;3;2;2
244000;1268.218853;3;2;2
129500;705.969897;2;1;2
185000;942.129323;3;2;2
144900;947.6106;3;1;2
107400;537.90837;3;2;1
91000;148.273188;2;1;1
135750;787.352925;2;1;1
127000;802.217405;2;1;1
136500;1001.308534;4;2;0
110000;969.90732;2;1;2
193500;1207.739;4;2;1
153500;418.0635;2;2;2
245000;948.168018;3;2;3
126500;826.093476;3;1;2
168500;792.46259;3;2;2
260000;1491.929277;4;2;2
174000;1106.567633;3;2;2
164500;367.059753;2;2;2
85000;786.88841;2;1;0
123600;749.72721;3;1;0
109900;668.9016;2;1;2
98600;789.6754999999999;2;1;2
163500;1241.18408;2;1;2
133900;668.9016;4;2;2
204750;867.435311;3;2;2
185000;907.197795;3;2;2
214000;953.556392;3;2;2
94750;1014.593663;3;1;1
83000;987.094375;2;1;1
128950;865.85596;3;1;0
205000;985.050509;3;2;2
178000;855.2650179999999;3;2;2
118964;651.993254;4;2;2
198900;966.377006;3;2;3
169500;720.741474;4;1;1
250000;870.965625;3;2;2
100000;1003.3524;2;1;1
115000;557.418;2;1;1
115000;789.6754999999999;3;2;0
190000;1091.703153;3;2;2
136900;884.901075;4;2;1
180000;719.99825;3;2;2
383970;925.778395;4;2;3
217000;1950.963;3;2;2
259500;674.382877;3;2;1
176000;300.07669;2;2;2
139000;1079.161248;3;1;1
155000;793.020008;2;1;2
320000;1149.767528;5;3;3
163990;786.052283;3;2;2
180000;1993.048059;1;1;2
100000;562.99218;3;1;1
136000;879.233992;3;1;1
153900;733.190476;2;2;2
181000;1583.345829;3;2;2
84500;629.88234;2;1;0
128000;457.825984;2;2;2
87000;407.658364;3;1;0
155000;705.13377;3;1;2
150000;833.618619;3;1;2
226000;1319.2226;4;2;2
244000;1135.646272;3;2;2
150750;686.367364;3;1;2
220000;636.664259;2;2;2
180000;960.152505;3;2;2
174000;966.1912;3;2;2
143000;962.010565;3;2;1
171000;1028.43621;5;3;3
230000;842.258598;3;2;3
231500;1433.121678;3;2;2
115000;975.4815;3;1;0
260000;1081.855435;3;2;2
166000;791.53356;4;2;2
204000;960.152505;3;2;2
130000;234.301366;3;2;2
105000;568.56636;2;1;1
222500;883.043015;3;2;2
141000;696.7725;3;1;0
115000;579.7147199999999;3;1;1
122000;962.103468;3;1;2
372402;1290.515573;2;2;3
190000;1375.243109;4;2;2
235000;1254.1905;1;1;2
125000;1053.52002;4;1;1
79000;891.8688;2;1;0
109500;668.9016;2;1;2
269500;1115.114709;4;2;3
254900;1166.118456;3;2;2
320000;1800.274334;4;2;2
162500;1033.08136;3;2;2
412500;1271.656264;3;2;3
220000;1131.744346;3;2;2
103200;510.9665;1;1;0
152000;501.6762;3;2;1
127500;938.877718;4;2;0
190000;994.805324;2;1;1
325624;981.241486;3;1;3
183500;765.892332;3;2;2
228000;1548.600107;2;2;2
128500;1148.095274;2;1;2
215000;2951.52831;3;1;2
239000;492.943318;2;2;2
163000;947.331891;3;1;2
184000;1153.483648;3;2;2
243000;1171.971345;4;2;2
211000;931.724187;4;2;2
172500;1268.12595;4;2;2
501837;1618.648969;1;2;3
100000;791.53356;2;1;2
177000;196.675651;3;2;2
200100;704.947964;4;1;1
120000;841.70118;3;1;1
200000;1061.509678;3;2;2
127000;691.012514;3;1;2
475000;2132.12385;4;2;3
173000;924.106141;3;2;2
135000;967.12023;3;2;1
315000;981.98471;3;2;2
184000;694.171216;4;1;2
192000;837.706351;3;2;2
130000;234.301366;3;2;2
127000;667.04354;3;1;1
148500;211.81884;3;2;2
311872;874.774648;3;2;3
235000;2361.501357;4;2;2
104000;512.82456;5;1;0
274900;891.032673;3;2;3
140000;793.949038;2;2;2
171500;940.642875;3;2;2
112000;650.321;2;2;1
149000;412.303514;1;1;2
110000;325.1605;2;1;1
180500;1100.993453;3;2;2
143900;1270.262719;3;1;1
141000;1160.637179;3;1;1
277000;1334.458692;3;2;2
145000;766.44975;3;1;2
98000;520.628412;2;1;0
186000;968.04926;3;2;2
252678;802.68192;3;2;2
156000;1260.507904;3;1;2
161750;1012.6427;3;1;1
134450;930.051933;2;1;1
210000;785.03035;3;2;2
107000;920.297118;3;1;1
311500;1454.86098;3;1;2
167240;279.63803;2;2;2
204900;835.1979699999999;2;2;2
200000;749.5414039999999;4;2;2
179900;1066.061925;3;2;2
97000;975.4815;2;1;2
386250;1251.589216;3;2;3
112000;156.07704;3;2;1
290000;924.38485;4;2;3
106000;173.635707;2;1;1
125000;791.626463;3;1;1
192500;295.617346;2;2;2
148000;813.83028;3;1;1
403000;1406.365614;4;2;3
94500;156.07704;2;1;1
128200;989.41695;3;1;1
216500;729.381453;4;2;2
89500;156.07704;2;1;1
185500;815.038019;3;2;2
194500;878.212059;3;2;2
318000;1117.62309;3;2;3
113000;812.065123;3;1;1
262500;836.127;3;2;2
110500;360.46364;2;1;0
79000;464.515;3;1;1
120000;999.822086;3;1;1
205000;824.97864;3;2;2
241500;966.1912;3;2;2
137000;849.319226;4;2;1
140000;1050.73293;2;1;2
180000;1051.383251;3;2;2
277000;14771.577;4;2;2
76500;497.03105;3;1;0
235000;441.28925;2;2;2
173000;777.226498;3;2;2
158000;868.64305;3;2;1
145000;780.3851999999999;3;1;1
230000;811.786414;4;2;2
207500;816.710273;3;2;2
220000;818.847042;3;2;2
231500;1155.248805;3;2;2
97000;1180.053906;2;1;1
176000;1792.656288;3;1;2
276000;890.753964;3;2;3
151000;786.981313;3;1;2
130000;510.9665;3;1;2
73000;486.068496;2;1;2
175500;1123.19727;3;2;2
185000;1041.163921;3;2;2
179500;780.3851999999999;4;2;1
120500;641.0307;2;1;1
148000;735.513051;3;1;1
266000;996.663384;3;2;3
241500;3632.878912;2;1;2
290000;1092.910892;4;2;3
139000;891.8688;3;2;1
124500;772.395542;2;1;1
205000;674.847392;3;2;2
201000;854.335988;3;2;2
141000;1777.977614;2;1;2
415298;1342.44835;3;2;3
192000;929.494515;4;2;2
228500;1048.596161;3;2;2
185000;668.9016;2;2;2
207500;470.367889;2;2;2
244600;892.983636;3;2;3
179200;744.338836;2;2;2
164700;394.930653;2;2;2
159000;909.148758;3;1;2
88000;754.836875;3;1;0
122000;912.214557;3;1;1
153575;811.04319;3;1;1
233230;1450.308733;3;2;2
131000;1059.930327;3;1;1
235000;1547.671077;3;2;2
167000;891.8688;3;1;2
142500;737.371111;3;1;2
152000;1273.70013;4;1;1
239000;687.3892969999999;3;2;2
175000;1086.9651;3;1;2
158500;1300.642;3;1;1
157000;1463.22225;2;1;1
267000;1507.444078;4;2;2
205000;1273.142712;3;2;3
149900;910.4494;3;1;2
295000;1708.114558;3;3;3
305900;964.8905579999999;3;2;3
225000;1251.775022;4;2;3
89500;735.79176;3;1;0
82500;1146.608826;1;1;2
360000;1149.953334;3;2;3
165600;713.959555;3;2;2
132000;743.224;2;1;1
119900;724.6434;3;1;2
375000;19996.906235;3;2;2
178000;891.8688;3;1;2
188500;724.178885;3;2;2
260000;1208.203515;4;2;2
270000;836.127;3;2;3
260000;919.7397;4;2;3
187500;1311.325845;3;2;2
342643;1510.509877;4;3;3
354000;1124.033397;4;2;3
301000;964.33314;4;2;2
126175;540.69546;3;1;1
242000;1047.481325;5;2;2
87000;464.515;2;1;2
324000;1007.625938;1;1;2
145250;1077.6748;3;1;1
214500;1104.430864;5;2;2
78000;594.765006;3;1;1
139000;759.574928;3;1;1
284000;989.881465;3;2;3
207000;761.618794;2;2;2
192000;840.028926;3;2;2
228950;15297.40798;3;2;2
377426;1315.227771;3;2;3
214000;848.668905;3;2;2
202500;1314.1129349999999;3;2;2
155000;1151.9972;3;1;1
202900;1318.386473;4;2;2
82000;780.3851999999999;2;1;1
87500;793.763232;2;2;2
266000;822.098647;2;2;2
85000;240.804576;3;1;1
140200;597.8308049999999;3;1;1
151500;1186.557116;2;1;1
157500;1635.0928;3;2;2
154000;227.426544;2;2;2
437154;1898.101193;4;2;3
318061;726.50146;2;2;2
190000;489.691713;2;1;2
95000;843.930852;3;1;1
105900;791.53356;2;1;2
140000;780.3851999999999;2;1;1
177500;1045.065847;3;2;2
173000;859.166944;3;2;2
134000;392.422272;3;1;2
130000;643.81779;3;1;1
280000;1115.857933;3;2;2
156000;700.48862;2;1;2
145000;849.505032;3;1;1
198500;678.284803;4;3;2
118000;156.07704;2;1;1
190000;1746.5764;3;2;2
147000;993.13307;3;1;1
159000;882.5785;3;1;2
165000;850.06245;3;1;1
132000;724.6434;2;1;1
162000;913.23649;3;1;2
172400;754.465263;3;2;2
134432;1590.49936;4;2;2
125000;666.579025;2;1;1
123000;987.930502;3;1;1
219500;761.8046;4;2;2
148000;821.819938;2;1;2
340000;1035.218129;4;3;2
394432;1058.536782;1;1;3
179000;754.651069;3;2;2
127000;464.515;3;2;1
187750;668.9016;2;2;2
213500;858.888235;3;2;2
76000;836.127;2;1;2
240000;4933.799621;3;2;2
192000;295.617346;2;2;2
81000;781.31423;5;1;0
125000;668.9016;3;1;1
191000;871.615946;3;2;2
426000;1158.872022;3;2;3
119000;780.849715;4;1;1
215000;1134.252727;3;2;2
106500;774.718117;3;1;1
100000;691.755738;2;1;0
109000;941.479002;2;1;1
129000;889.174613;3;1;1
123000;668.9016;2;1;2
169500;705.13377;4;2;1
67000;833.061201;2;1;1
241000;754.836875;2;2;2
245500;1390.107589;1;1;2
164990;814.480601;3;2;2
108000;947.6106;2;1;1
258000;1123.19727;4;2;2
168000;962.846692;3;2;2
150000;928.1938729999999;3;2;2
115000;973.62344;3;1;1
177000;1447.057128;4;2;1
280000;1314.949062;3;2;3
339750;1003.3524;3;2;3
60000;889.174613;3;1;1
145000;3219.08895;3;1;2
222000;409.051909;2;2;2
115000;832.41088;2;1;2
228000;1043.114884;3;2;3
181134;826.743797;3;2;2
149500;728.731132;3;1;2
239000;2082.88526;4;2;3
126000;758.08848;3;1;1
142000;785.03035;3;1;1
206300;655.89518;2;2;4
215000;1545.441405;3;2;2
113000;2020.64025;2;1;2
315000;854.7076;4;2;3
139000;836.127;2;1;1
135000;313.826334;3;1;1
275000;1189.1584;2;2;2
109008;798.315479;3;1;1
195400;628.210086;2;2;2
175000;1064.389671;3;2;2
85400;156.07704;2;1;1
79900;518.956158;4;1;0
122500;178.37376;2;1;2
181000;1006.9756169999999;3;2;2
81000;175.58667;1;1;0
212000;990.996301;3;2;2
116000;408.7732;2;1;2
119000;557.418;2;1;1
90350;397.62484;2;1;1
110000;1147.723662;3;1;2
555000;1433.586193;2;2;3
118000;1124.869524;4;2;0
162900;579.7147199999999;3;2;2
172500;364.365566;2;2;3
210000;812.90125;4;2;2
127500;915.559065;3;1;2
190000;1532.156276;2;2;2
199900;1041.814242;4;2;2
119500;798.9658;3;2;1
120000;557.418;2;1;1
110000;528.060652;2;1;1
280000;6573.909183;2;2;2
204000;864.276609;3;2;2
210000;836.127;3;2;2
188000;863.719191;4;2;2
175500;891.8688;3;1;2
98000;424.659613;4;1;3
256000;4944.947981;2;1;2
161000;473.8053;3;1;1
110000;651.714545;3;1;1
263435;743.595612;3;2;2
155000;668.9016;3;1;2
62383;769.329743;3;1;1
188700;1113.721164;3;1;1
124000;783.17229;3;2;0
178740;285.398016;2;2;2
167000;987.373084;2;1;2
146500;880.7204399999999;3;1;1
250000;1061.695484;3;2;3
187000;863.161773;3;2;2
212000;633.59846;1;1;2
190000;1110.376656;3;2;2
148000;341.418525;2;1;2
440000;1391.408231;2;2;3
251000;495.17298999999997;2;2;2
132500;787.81744;2;1;2
208900;1219.351875;3;2;2
380000;1272.120779;3;2;3
297000;988.209211;3;2;3
89471;550.450275;2;1;2
326000;1489.513799;3;2;3
374000;1100.528938;2;2;3
155000;232.2575;4;1;1
164000;418.0635;2;2;2
132500;720.741474;3;1;1
147000;891.8688;3;1;1
156000;955.878967;3;1;2
175000;1137.411429;3;2;2
160000;1003.3524;3;2;2
86000;141.769978;1;1;1
115000;247.58649499999999;3;1;1
133000;881.64947;3;1;1
172785;1447.242934;3;2;2
155000;736.813693;3;1;1
91300;537.350952;2;1;1
34900;731.982737;2;1;0
430000;1179.124876;4;3;2
184000;847.27536;4;2;1
130000;724.6434;3;1;1
120000;700.024105;2;1;1
113000;175.58667;3;1;1
226700;910.728109;3;2;2
140000;851.92051;2;1;2
289000;1449.472606;1;2;2
147000;214.420124;3;2;2
124500;705.691188;4;2;2
215000;887.595262;3;2;2
208300;730.403386;2;2;2
161000;891.8688;3;2;2
124500;891.8688;3;1;1
164900;1352.574777;2;1;1
202665;630.997176;2;2;2
129900;845.4173;3;1;2
134000;853.499861;3;1;2
96500;984.214382;2;1;1
402861;1135.27466;3;2;3
158000;970.650544;3;2;2
265000;948.353824;3;2;3
211000;885.458493;3;2;2
234000;1014.314954;3;1;1
106250;1003.3524;3;2;0
150000;1113.721164;3;1;1
159000;464.515;3;2;2
184750;3724.852882;3;3;3
315750;1095.047661;3;2;3
176000;696.7725;3;2;2
132000;1235.6099;2;1;1
446261;1388.714044;3;2;3
86000;845.231494;2;1;0
200624;3034.955204;4;3;2
175000;947.6106;3;2;2
128000;571.817965;3;2;2
107500;668.9016;2;1;1
39300;464.515;1;1;0
178000;841.329568;3;2;2
107500;650.321;3;1;0
188000;829.066372;3;2;2
111250;1183.119705;3;1;2
158000;1073.3083589999999;3;1;1
272000;1061.230969;3;2;2
315000;1356.476703;2;2;3
248000;1021.933;4;2;3
213250;942.03642;3;2;2
133000;377.000374;1;1;1
179665;1589.012912;3;2;2
229000;1285.498811;4;2;3
210000;811.693511;3;1;2
129500;672.989332;2;1;2
125000;765.056205;2;1;2
263000;870.965625;4;2;2
140000;375.606829;2;2;2
112500;557.418;3;1;1
255500;1035.496838;3;2;3
108000;815.409631;2;2;2
284000;987.094375;3;2;3
113000;592.72114;2;1;1
141000;1379.60955;2;1;1
108000;1025.64912;3;1;1
175000;2031.974416;3;2;2
234000;296.917988;2;2;2
121500;1053.612923;3;1;2
170000;929.95903;2;1;2
108000;1292.002021;3;1;0
185000;2023.42734;4;2;2
268000;1239.883438;4;2;2
128000;637.128774;4;1;1
325000;1040.327794;4;2;3
214000;944.916413;3;2;2
316600;1145.215281;1;1;2
135960;653.293896;2;1;2
120000;681.164796;2;1;1
224500;1222.510577;3;2;2
170000;925.964201;3;2;2
139000;975.4815;3;1;1
118500;787.81744;2;1;1
145000;584.545676;3;2;1
164500;1094.118631;3;1;2
146000;334.822412;2;2;2
131500;1128.77145;4;2;1
181900;1354.990255;3;1;2
253293;1180.239712;3;2;3
118500;1100.064423;3;1;0
325000;1254.1905;3;3;2
133000;568.56636;3;1;1
369900;1063.089029;2;2;3
130000;953.835101;2;1;1
137000;811.97222;2;1;2
143000;2331.400785;1;1;1
79500;845.4173;2;1;1
185900;772.95296;3;2;2
451950;1252.146634;3;2;3
138000;613.1598;2;1;2
140000;412.024805;1;1;2
110000;742.29497;3;1;1
319000;1049.989706;3;2;3
114504;334.4508;3;1;1
217500;1206.252552;3;2;2
151000;181.16085;3;2;2
275000;1015.151081;3;2;2
141000;836.127;3;1;1
220000;932.839023;3;2;2
151000;295.617346;2;2;2
221000;1189.437109;3;2;2
205000;1263.4808;3;2;2
152000;1157.942992;3;1;2
225000;724.6434;3;3;1
359100;1130.443704;4;2;2
118500;737.928529;3;1;1
313000;1026.57815;3;2;3
148000;965.726685;3;2;2
261500;1104.152155;3;2;2
147000;780.571006;3;1;0
75500;138.518373;1;1;0
137500;817.5464;3;1;2
183200;730.310483;3;2;2
105500;671.409981;2;1;2
314813;1086.407682;3;2;3
305000;1137.504332;4;2;3
67000;766.263944;2;1;0
240000;1003.3524;4;2;2
135000;656.266792;3;1;2
168500;196.675651;2;2;2
165150;966.1912;4;1;2
160000;929.03;3;1;2
139900;1146.608826;3;1;1
153000;891.8688;3;1;1
135000;1078.232218;5;1;2
168500;837.98506;3;1;2
124000;836.127;3;1;1
209500;426.42477;2;2;2
82500;1105.5457;3;2;2
139400;859.35275;3;1;1
60000;568.56636;1;1;0
93000;557.418;3;2;1
85000;815.409631;2;1;0
264561;369.939746;1;2;3
274000;1177.731331;1;1;2
226000;654.96615;3;2;2
345000;1287.63558;4;2;2
152000;1002.702079;4;2;2
370878;853.499861;2;2;3
143250;978.26859;3;1;2
98300;668.9016;3;1;2
155000;971.022156;3;1;2
155000;715.3531;4;1;2
84500;179.860208;1;1;0
205950;754.836875;3;2;2
108000;843.930852;4;1;1
191000;812.90125;2;2;2
135000;958.75896;3;1;1
350000;969.628611;2;2;3
88000;156.07704;3;1;1
145500;929.680321;3;1;1
149000;668.9016;3;1;1
97500;1626.081209;3;1;1
167000;923.177111;3;1;2
197900;1150.510752;3;2;2
402000;4328.257867;4;2;3
110000;1259.76468;2;1;2
137500;930.1448359999999;3;2;2
423000;1941.301088;1;1;3
230500;1039.956182;3;2;2
129000;1714.06035;3;2;2
193500;754.836875;3;2;2
168000;1316.900025;3;1;2
137500;1077.6748;2;1;1
173500;802.031599;3;2;2
103600;615.853987;3;2;1
165000;1045.15875;3;1;2
257500;1341.705126;3;2;2
140000;854.7076;3;1;1
148500;212.654967;3;2;2
87000;891.8688;4;2;3
109500;838.170866;2;1;1
372500;1100.343132;3;2;3
128500;923.920335;3;1;2
143000;744.338836;2;2;1
159434;418.0635;3;1;1
173000;268.210961;2;1;2
285000;1044.972944;3;2;3
221000;1557.98331;4;2;2
207500;470.274986;3;2;2
227875;948.2609209999999;3;3;2
148800;474.269815;2;2;2
392000;751.492367;2;2;2
194700;703.926031;2;2;2
141000;411.188678;1;1;2
755000;2000.666105;4;3;3
335000;2432.014734;4;2;2
108480;501.6762;2;1;1
141500;568.56636;3;1;2
176000;1283.083333;2;2;2
89000;557.418;2;1;1
123500;596.43726;2;1;1
138500;785.03035;3;1;1
196000;397.810646;2;2;2
312500;1331.392893;3;2;3
140000;891.8688;3;1;2
361919;1155.5275139999999;4;2;3
140000;708.84989;4;2;2
213000;780.3851999999999;3;2;2
55000;520.2568;3;2;0
302000;10697.687547;2;2;2
254000;579.7147199999999;2;2;2
179540;837.799254;3;2;2
109900;665.3712859999999;3;1;1
52000;383.68939;2;1;0
102776;809.370936;2;1;1
189000;433.949913;2;2;2
129000;917.231319;3;1;2
130500;1255.769851;3;2;2
165000;942.03642;3;2;2
159500;1003.3524;3;1;2
157000;929.03;3;1;2
341000;979.383426;3;2;3
128500;921.59776;3;1;1
275000;609.722389;2;2;2
143000;411.188678;1;1;2
124500;754.37236;3;1;2
135000;759.203316;4;2;1
320000;1234.309258;3;2;3
120500;646.60488;3;1;2
222000;2015.530585;3;2;2
194500;679.492542;2;2;2
110000;1066.061925;4;2;3
103000;579.7147199999999;2;1;2
236500;500.654267;2;2;2
187500;890.93977;3;2;2
222500;1059.465812;3;2;2
131400;929.03;3;1;1
108000;834.083134;3;1;1
163000;1003.3524;2;1;2
93500;793.763232;2;2;2
239900;972.044089;3;2;3
179000;1003.3524;3;3;0
190000;865.205639;3;2;2
132000;891.8688;2;2;2
142000;628.767504;3;1;1
179000;785.03035;3;2;2
175000;1197.148058;3;2;2
180000;501.211685;2;2;2
299800;832.689589;4;3;2
236000;817.0818849999999;4;2;2
265979;1086.9651;4;1;4
260400;984.121479;3;2;2
98000;780.849715;4;2;1
96500;817.5464;3;1;0
162000;719.99825;3;2;2
217000;858.052108;3;2;2
275500;951.32672;3;2;3
156000;736.72079;3;1;2
172500;300.07669;3;2;2
212000;1000.472407;3;2;2
158900;1079.161248;3;2;2
179400;211.81884;3;2;2
290000;1138.712071;4;2;3
127500;845.4173;2;1;1
100000;642.052633;2;1;2
215200;802.68192;3;2;2
337000;876.07529;3;2;3
270000;887.130747;2;1;2
264132;1355.176061;2;2;2
196500;968.142163;3;2;2
160000;1162.030724;4;2;1
216837;845.4173;3;2;2
538000;4970.682112;4;3;3
134900;673.732556;2;1;2
102000;824.699931;2;1;2
107000;726.408557;3;1;2
114500;942.96545;2;1;1
395000;1321.638078;3;2;3
162000;418.0635;2;2;2
221500;1041.44263;3;2;3
142500;1240.25505;3;1;2
144000;780.3851999999999;4;2;2
135000;978.26859;2;1;2
176000;731.611125;3;2;2
175900;664.535159;3;2;2
187100;1512.925355;3;2;2
165500;845.510203;1;1;2
128000;585.2889;3;2;0
161500;909.52037;3;2;2
139000;1003.3524;4;2;1
233000;942.222226;4;2;2
107900;557.418;2;1;1
187500;1133.881115;5;2;2
160200;295.617346;2;2;2
146800;1052.869699;3;1;2
269790;921.59776;3;2;2
225000;850.805674;3;2;2
194500;1006.325296;3;2;2
171000;780.3851999999999;3;2;2
143500;761.525891;3;1;2
110000;713.216331;2;1;1
485000;1255.862754;4;3;3
175000;668.9016;3;1;1
200000;1188.972594;4;2;2
109900;445.9344;2;1;2
189000;761.711697;3;2;2
582933;1290.515573;4;3;3
118000;836.127;2;1;1
227680;1140.291422;3;2;2
135500;905.80425;3;2;1
223500;1986.637752;3;1;2
159950;1244.9002;3;1;2
106000;752.5143;2;2;2
181000;942.03642;3;1;2
144500;412.303514;1;1;2
55993;809.370936;2;1;2
157900;905.80425;4;1;1
116000;766.263944;3;1;1
224900;1127.563711;3;2;2
137000;1061.416775;2;1;1
271000;1232.358295;3;2;3
155000;819.032848;3;1;2
224000;591.885013;2;2;2
183000;671.317078;3;2;2
93000;557.418;2;1;2
225000;1151.439782;3;2;2
139500;919.7397;3;2;1
232600;1042.000048;3;2;2
385000;1375.243109;2;2;3
109500;569.49539;2;1;0
189000;792.369687;3;2;2
185000;2666.130294;3;2;2
147400;236.345232;2;2;2
166000;1105.5457;3;1;2
151000;295.43154;2;2;2
237000;887.037844;3;2;2
167000;929.401612;3;1;2
139950;731.611125;3;1;2
128000;891.8688;2;2;2
153500;752.5143;2;1;2
100000;156.07704;2;1;1
144000;884.901075;3;1;1
130500;1093.189601;3;1;1
140000;1129.235965;4;2;1
157500;969.90732;3;2;2
174900;837.98506;3;1;2
153900;1176.616495;4;1;3
171000;1546.556241;3;2;2
213000;865.577251;3;2;2
133500;1442.133269;3;1;1
240000;4236.3768;5;3;2
187000;891.8688;3;2;2
131500;412.024805;1;1;2
215000;296.917988;2;2;2
164000;662.212584;4;2;1
158000;1123.661785;3;1;2
170000;1664.82176;3;1;2
127000;640.751991;3;1;1
147000;1019.14591;3;1;2
174000;754.836875;3;2;2
152000;966.1912;3;2;2
250000;1024.627187;4;2;2
189950;709.964726;3;1;1
131500;1079.997375;3;1;2
152000;898.557816;3;2;2
132500;736.813693;3;1;1
250580;802.68192;3;2;2
148500;812.90125;3;1;2
248900;989.974368;3;2;3
129000;647.53391;3;1;2
169000;1371.434086;2;2;2
236000;923.270014;3;2;2
109500;613.1598;2;1;1
200500;812.90125;3;2;2
116000;826.093476;3;1;2
133000;1128.214032;3;1;1
66500;531.40516;3;1;1
303477;836.127;4;2;2
132250;2349.145258;3;1;2
350000;820.705102;4;2;3
148000;1094.583146;3;1;2
136500;650.321;3;1;1
157000;652.550672;2;1;2
187500;1278.159474;3;2;2
178000;895.213308;3;2;2
118500;576.370212;5;1;1
100000;664.25645;3;1;1
328900;475.570457;2;2;2
145000;779.734879;4;2;2
135500;1529.740798;3;1;1
268000;1473.906095;4;2;2
149500;1129.70048;2;1;2
122900;749.169792;3;1;2
172500;1039.027152;3;2;2
154500;781.685842;3;1;1
165000;1234.123452;3;1;1
118858;651.993254;4;2;2
140000;655.523568;4;1;2
106500;814.294795;2;1;1
611657;1200.213857;2;2;3
135000;649.670679;3;1;1
110000;681.90802;2;1;1
153000;809.370936;2;1;1
180000;731.611125;3;2;2
240000;1380.445677;3;2;3
125500;573.490219;3;1;1
128000;921.59776;3;1;1
255000;1254.283403;3;2;3
250000;1068.3845;3;1;1
131000;825.443155;2;1;2
174000;1169.555867;3;2;2
154300;1077.6748;5;2;2
143500;862.697258;3;1;1
88000;568.56636;3;1;1
145000;582.50181;4;2;3
173733;278.709;2;2;2
75000;185.898903;3;1;1
135000;1592.35742;3;1;1
238000;1219.351875;4;2;3
176500;1024.627187;3;1;2
201000;786.145186;3;2;2
145900;815.409631;4;2;0
169990;951.048011;3;2;2
193000;744.338836;2;2;2
207500;951.32672;3;2;2
175000;1450.308733;3;2;2
285000;1114.743097;4;2;3
176000;919.7397;4;2;2
236500;1099.785714;3;2;2
222000;1208.296418;4;2;2
201000;829.159275;3;2;3
117500;845.4173;2;1;1
320000;1084.17801;3;2;3
190000;788.467761;3;2;2
242000;2568.76795;4;2;2
79900;541.159975;1;1;2
184900;936.740949;2;2;2
253000;898.836525;3;2;2
239799;813.83028;3;2;3
244400;2238.03327;4;2;1
150900;1174.29392;4;2;2
214000;813.365765;3;2;2
150000;716.375033;4;2;0
143000;2322.575;4;2;2
137500;1335.480625;3;1;2
124900;819.40446;2;1;2
143000;758.3671889999999;3;1;1
270000;1350.438008;3;2;3
192500;1301.199418;3;2;2
197500;869.57208;3;1;2
129000;668.9016;3;1;2
119900;724.6434;3;1;1
133900;668.9016;2;1;1
172000;1028.900725;4;2;2
127500;873.2882;4;2;0
145000;662.955808;4;2;2
124000;120.7739;2;1;2
132000;689.34026;3;1;2
185000;785.03035;3;2;2
155000;238.946516;3;2;2
116500;669.551921;2;1;0
272000;1135.924981;4;2;2
155000;214.420124;3;2;2
239000;1107.682469;2;2;2
214900;1051.290348;4;2;2
178900;951.048011;3;2;2
160000;891.8688;2;1;1
135000;686.55317;3;1;1
37900;550.450275;2;1;0
140000;964.518946;2;1;1
135000;1003.3524;4;1;0
173000;210.704004;2;2;2
99500;733.190476;2;2;1
182000;1081.298017;3;2;2
167500;1060.394842;3;1;2
165000;246.285853;3;2;2
85500;548.1277;2;1;0
199900;397.067422;1;1;2
110000;877.93335;3;1;2
139000;819.032848;3;1;2
178400;1126.1701659999999;3;1;2
336000;1133.695309;4;2;3
159895;295.617346;2;2;2
255900;1045.15875;4;2;2
126000;940.642875;4;2;2
125000;1010.78464;3;1;1
117000;493.31493;2;1;1
395192;943.801577;3;2;3
195000;1119.109538;4;2;2
197000;754.836875;3;2;2
348000;878.119156;3;2;3
168000;1641.688913;4;1;2
187000;906.73328;3;2;2
173900;821.819938;3;2;2
337500;1157.199768;3;2;3
121600;437.758936;3;1;1
136500;990.253077;3;1;1
185000;1088.544451;2;2;2
91000;909.148758;3;1;1
206000;628.210086;2;2;2
82000;948.168018;2;1;2
86000;501.6762;2;1;1
232000;1110.841171;3;2;3
136905;1068.3845;4;2;2
181000;295.617346;1;2;2
149900;778.991655;3;2;1
163500;1129.235965;3;2;2
88000;205.965951;3;1;1
240000;1125.798554;3;2;2
102000;557.418;4;2;0
135000;1977.533258;4;2;1
100000;912.771975;4;2;0
165000;984.028576;3;1;1
85000;668.9016;2;1;1
119200;1083.620592;2;1;1
227000;780.3851999999999;3;2;2
203000;1103.966349;3;2;2
187500;540.138042;1;1;2
160000;1001.865952;3;2;2
213490;279.916739;2;2;2
176000;652.550672;2;1;2
194000;688.039618;2;2;2
87000;876.911417;2;1;1
191000;295.617346;2;2;2
287000;1439.810694;2;2;2
112500;715.3531;3;1;2
167500;863.9979;3;1;2
293077;884.43656;3;2;3
105000;881.835276;3;1;1
118000;156.07704;3;1;1
160000;657.939046;5;2;0
197000;1473.720289;5;2;2
310000;1350.902523;5;2;3
230000;754.836875;3;2;3
119750;585.753415;2;1;1
84000;1068.3845;3;1;1
315500;1198.262894;2;2;3
287000;858.42372;3;2;2
97000;142.420299;3;1;0
80000;137.217731;1;1;1
155000;1219.351875;3;2;2
173000;848.20439;4;1;2
196000;499.911043;1;2;2
262280;1099.878617;4;2;2
278000;891.8688;4;2;2
139600;1270.91304;4;2;2
556581;1491.650568;4;3;3
145000;858.888235;3;1;2
115000;2020.64025;3;1;2
84900;1031.2232999999999;2;1;1
176485;835.476679;3;2;2
200141;1038.191025;3;2;2
165000;882.5785;4;1;2
144500;795.435486;4;1;1
255000;1056.028401;3;2;2
180000;1055.470983;3;2;2
185850;655.151956;2;2;2
248000;2783.280977;3;2;2
335000;1050.547124;3;2;3
220000;1047.481325;3;1;2
213500;457.08276;2;2;2
81000;1672.254;2;1;3
90000;1263.4808;5;2;2
110500;557.418;2;1;2
154000;1021.933;3;1;2
328000;1300.642;3;2;2
178000;728.080811;3;2;2
167900;906.73328;4;1;2
151400;368.267492;5;2;2
135000;891.8688;2;1;2
135000;943.151256;3;1;1
154000;1086.9651;4;1;2
91500;704.669255;4;1;1
159500;738.57885;3;1;2
194000;794.878068;2;2;3
219500;1219.351875;3;1;1
170000;1003.3524;3;2;2
138800;1474.37061;3;1;1
155900;412.024805;1;1;2
126000;815.223825;3;1;1
145000;1025.64912;3;2;2
133000;696.7725;3;1;1
192000;812.808347;3;2;2
160000;817.5464;3;1;1
187500;1210.618993;3;2;2
147000;842.5373069999999;2;1;2
83500;183.390522;3;1;1
252000;982.356322;3;2;3
137500;234.301366;3;2;2
197000;308.066348;1;1;2
92900;793.763232;2;2;2
160000;200.67048;2;2;2
136500;780.3851999999999;4;2;2
146000;857.49469;1;1;2
129000;545.154804;2;1;1
176432;865.577251;3;2;2
127000;639.358446;3;1;0
170000;343.369488;2;1;2
128000;557.418;3;1;1
157000;1103.68764;3;2;2
60000;780.3851999999999;1;1;1
119500;906.547474;3;1;1
135000;650.321;2;1;1
159500;827.76573;3;1;2
106000;187.292448;3;2;2
325000;1138.619168;3;2;2
179900;962.196371;3;2;2
274725;2160.645071;3;2;2
181000;749.076889;3;2;2
280000;1055.563886;3;2;3
188000;743.224;3;2;2
205000;973.62344;4;2;2
129900;659.6113;2;1;1
134500;828.973469;2;1;1
117000;501.6762;2;1;1
318000;1122.732755;3;2;3
184100;719.99825;3;2;2
130000;907.104892;3;1;2
140000;1284.383975;3;1;1
133700;702.34668;3;1;1
118400;767.6574889999999;2;1;1
212900;936.833852;3;2;3
112000;829.252178;3;1;1
118000;873.752715;2;1;0
163900;847.739875;3;2;2
115000;969.349902;2;1;2
174000;342.254652;2;2;3
259000;1353.782516;3;2;3
215000;1095.883788;4;2;2
140000;668.9016;2;1;2
135000;725.015012;4;2;2
93500;995.176936;3;1;0
117500;919.7397;5;2;1
239500;913.050684;3;2;2
169000;815.038019;3;2;2
102000;574.14054;2;1;1
119000;891.8688;3;1;1
94000;589.190826;2;1;0
196000;912.214557;2;2;2
144000;811.136093;3;1;2
139000;682.83705;2;1;2
197500;957.272512;4;2;2
424870;925.778395;4;3;3
80000;836.127;3;1;0
80000;1131.55854;2;1;1
149000;579.7147199999999;3;1;1
180000;1040.5136;3;2;2
174500;1114.836;3;1;1
116900;529.5471;2;1;1
143000;836.127;3;1;2
124000;769.23684;2;1;1
149900;1649.492765;3;1;2
230000;1311.325845;2;1;2
120500;547.19867;2;1;1
201800;1272.7711;4;1;2
218000;1000.379504;3;2;2
179900;868.64305;3;2;2
230000;464.607903;2;2;2
235128;1108.518596;3;2;3
185000;847.27536;4;2;2
146000;211.81884;3;2;2
224000;1372.920534;3;1;2
129000;810.485772;3;1;2
194000;1501.033771;2;1;2
233170;886.387523;3;2;2
245350;973.158925;3;2;3
173000;1008.183356;3;2;2
235000;1275.372384;4;2;2
625000;3322.21128;4;3;3
171000;917.88164;3;1;1
163000;847.27536;3;1;2
171900;373.191351;2;2;2
200500;1675.04109;3;3;0
239000;1538.47368;4;2;2
285000;992.018234;4;2;2
119500;645.768753;3;1;1
115000;366.96685;3;1;1
154900;713.587943;3;1;1
93000;774.346505;3;1;0
250000;1037.72651;4;2;2
392500;519.049061;2;2;2
745000;1451.423569;4;3;3
120000;1003.3524;2;1;2
186700;3263.961099;3;1;3
104900;904.6894139999999;4;1;1
95000;986.165345;3;2;2
262000;1157.664283;2;2;3
195000;830.088305;3;2;2
189000;696.7725;3;2;2
168000;3015.910089;3;1;4
174000;245.728435;2;2;2
125000;891.8688;3;1;1
165000;418.0635;2;2;2
158000;869.9436919999999;4;1;1
176000;745.918187;3;2;2
219210;1305.658762;4;2;3
144000;822.19155;3;1;1
178000;845.4173;3;2;2
148000;1043.765205;3;1;2
116050;868.921759;3;1;1
197900;966.1912;3;2;2
117000;557.418;3;1;1
213000;905.80425;3;2;2
153500;942.03642;3;1;2
271900;1364.187652;3;2;3
107000;826.8367;2;1;1
200000;848.668905;3;2;2
140000;721.205989;3;1;2
290000;945.938346;3;2;2
189000;1042.185854;3;2;2
164000;1127.285002;4;2;2
113000;867.71402;2;1;1
134500;948.075115;3;1;1
125000;659.053882;3;1;1
112000;829.62379;4;2;2
229456;802.68192;3;2;2
80500;579.7147199999999;2;1;0
91500;156.07704;3;1;0
115000;724.6434;2;1;1
134000;766.44975;3;1;1
143000;975.109888;3;2;1
137900;992.20404;4;2;2
184000;1429.219752;3;2;2
145000;973.809246;3;1;1
214000;1356.1979939999999;4;2;3
147000;824.235416;2;1;2
367294;814.666407;1;1;3
127000;734.8627299999999;4;2;1
190000;1754.93767;4;2;2
132500;717.954384;3;1;2
101800;914.351326;2;2;2
142000;1129.70048;3;1;2
130000;791.998075;4;1;0
138887;1220.002196;4;1;1
175500;244.149084;2;2;2
195000;1151.346879;4;2;2
142500;1214.428016;3;1;2
265900;839.564411;2;2;2
224900;757.902674;3;2;2
248328;915.001647;3;2;3
170000;987.094375;3;2;2
465000;1290.515573;2;2;3
230000;1062.345805;3;1;2
178000;1123.19727;3;3;2
186500;754.836875;3;2;2
169900;1145.308184;3;1;3
129500;891.8688;3;1;2
119000;668.9016;3;1;1
244000;1036.79748;3;2;2
171750;291.343808;2;2;2
130000;915.837774;3;1;1
294000;1629.704426;3;2;2
165400;643.910693;3;2;2
127500;579.7147199999999;3;1;1
301500;1328.7916089999999;2;2;2
99900;377.18618;2;1;0
190000;890.661061;2;2;2
151000;905.80425;3;1;2
181000;2293.031846;3;2;2
128900;891.8688;2;1;1
161500;1045.15875;5;1;1
180500;1255.584045;3;1;2
181000;377.18618;2;2;2
183900;346.992705;3;2;2
122000;940.17836;4;1;1
378500;1227.620242;3;2;3
381000;1309.9323;4;3;3
144000;1053.891632;3;1;1
185750;850.619868;3;2;2
137000;1256.605978;3;1;1
177000;1069.499336;2;1;1
139000;498.145886;3;2;2
137000;1053.984535;4;2;2
162000;1201.793208;3;1;2
197900;1660.269513;3;1;2
237000;880.070119;3;2;2
68400;696.7725;2;1;2
227000;911.192624;3;2;2
180000;747.776247;2;2;2
150500;817.5464;3;2;2
139000;873.2882;4;2;0
169000;895.3991139999999;4;2;1
132500;557.418;4;1;1
143000;909.52037;3;1;2
190000;3390.9595;4;2;2
278000;526.202592;2;2;2
281000;1027.971695;3;2;3
180500;1311.047136;3;1;2
119500;156.07704;3;2;1
107500;613.1598;4;2;1
162900;942.03642;4;2;2
115000;759.203316;2;1;2
138500;780.3851999999999;3;1;1
155000;808.2561;3;2;2
140000;341.418525;2;2;2
160000;5935.293961;3;2;2
154000;696.7725;3;1;1
225000;999.822086;3;2;2
177500;696.7725;3;1;1
290000;940.17836;4;2;3
232000;807.141264;3;2;3
130000;312.432789;3;2;2
325000;1223.811219;2;2;2
202500;646.140365;2;2;2
138000;749.913016;3;1;2
147000;1114.836;2;1;2
179200;664.535159;3;2;2
335000;1625.8025;3;2;2
203000;818.847042;3;2;2
302000;889.267516;4;2;2
333168;1372.548922;4;2;3
119000;760.87557;3;1;1
206900;1028.900725;4;2;2
295493;950.026078;3;2;3
208900;392.97969;2;2;2
275000;1373.199243;3;2;3
111000;949.004145;3;1;1
156500;780.3851999999999;3;1;2
72500;615.668181;2;1;1
190000;946.3099579999999;3;2;2
82500;495.17298999999997;2;1;0
147000;927.729358;2;2;3
55000;337.795308;2;1;0
79000;396.69581;3;1;0
130500;613.1598;3;1;1
256000;969.90732;5;2;2
176500;843.930852;3;2;2
227000;929.03;3;2;3
132500;1001.49434;3;1;2
100000;824.699931;2;1;1
125500;668.9016;2;1;1
125000;219.994304;3;1;2
167900;896.51395;2;2;2
135000;858.981138;4;2;2
52500;382.574554;2;1;0
200000;1249.54535;3;2;2
128500;888.15268;3;1;1
123000;770.537482;3;1;4
155000;1272.306585;3;1;2
228500;870.965625;3;2;2
177000;702.160874;3;1;2
155835;1031.502009;3;2;2
108500;557.418;2;1;1
262500;1930.617243;3;2;2
283463;1421.973318;3;2;3
215000;1504.656988;3;2;2
122000;487.74075;4;2;0
171000;859.074041;4;1;2
134900;557.418;2;1;2
410000;1367.53216;4;2;3
235000;958.387348;3;2;3
170000;946.867376;4;3;2
110000;880.441731;3;1;1
149900;1164.724911;3;1;2
177500;196.675651;3;2;2
315000;1554.917511;3;2;3
189000;914.351326;4;3;2
260000;1501.126674;3;2;2
104900;1162.495239;4;2;1
156932;789.582597;3;2;2
144152;295.43154;2;2;2
216000;696.7725;3;2;2
193000;852.756637;3;2;2
127000;247.58649499999999;4;2;1
144000;412.024805;1;1;2
232000;988.023405;3;2;2
105000;501.6762;2;1;1
165500;891.8688;3;1;1
274300;905.80425;3;2;2
466500;1059.0942;2;2;3
250000;987.094375;3;2;3
239000;1021.096873;3;2;3
91000;584.545676;2;1;1
117000;1021.747194;3;2;2
83000;181.439559;2;1;1
167500;904.410705;3;2;2
58500;762.919436;2;1;1
237500;1200.771275;4;2;2
157000;668.9016;4;1;2
112000;2354.069117;3;2;2
105000;841.70118;2;1;1
125500;505.020708;3;1;1
250000;1550.736876;5;3;2
136000;791.53356;5;2;1
377500;1383.511476;3;2;3
131000;557.418;3;1;2
235000;845.4173;3;2;2
124000;830.924432;4;2;3
123000;728.173714;3;1;1
163000;1003.3524;3;2;2
246578;375.792635;2;2;3
281213;1176.616495;4;2;3
160000;5314.0516;3;1;2
137500;568.56636;4;1;1
138000;668.9016;3;1;1
137450;573.304413;3;2;1
120000;557.418;3;1;1
193000;688.875745;3;2;2
193879;628.210086;2;2;2
282922;1417.328168;3;2;3
105000;967.12023;3;1;3
275000;356.933326;2;2;2
133000;784.565835;2;1;2
112000;815.68834;3;1;0
125500;719.06922;3;1;2
215000;1908.599232;3;2;2
230000;1153.85526;3;2;2
140000;891.8688;3;1;1
90000;668.9016;2;2;2
257000;1021.375582;2;2;2
207000;1212.662859;4;1;2
175900;337.702405;1;2;3
122500;1053.52002;4;2;2
340000;1537.080135;3;2;3
124000;855.079212;3;1;1
223000;1521.844043;3;2;2
179900;1086.9651;3;2;2
127500;375.606829;2;2;2
136500;412.024805;1;1;2
274970;1829.26007;4;2;2
144000;882.857209;2;1;1
142000;996.013063;3;1;2
271000;1016.730432;3;2;2
140000;1015.42979;3;1;1
119000;668.9016;2;1;1
182900;1165.561038;3;2;2
192140;2037.36279;4;2;2
143750;457.825984;2;2;2
64500;1003.3524;4;2;1
186500;953.277683;3;2;2
160000;1616.5122;3;2;2
174000;780.3851999999999;3;1;2
120500;836.127;3;1;2
394617;1156.084932;2;2;3
149700;688.132521;2;1;2
197000;1076.188352;3;2;2
191000;1070.799978;3;2;2
149300;411.188678;1;1;2
310000;1022.211709;3;2;3
121000;822.563162;2;1;1
179600;789.6754999999999;3;2;2
129000;780.3851999999999;3;1;1
157900;2428.670226;3;1;1
240000;929.03;3;2;2
112000;1093.189601;2;1;1
92000;142.420299;1;1;0
136000;836.127;4;2;0
287090;860.467586;3;2;3
145000;341.418525;2;1;2
84500;1599.510951;3;1;0
185000;696.7725;2;2;2
175000;735.513051;3;2;2
210000;1223.997025;3;2;2
266500;840.028926;4;2;1
142125;902.7384509999999;2;1;1
147500;923.177111;3;1;1
